index,label,set
22028,4,train
19053,0,train
25987,3,train
8256,2,train
20257,4,train
21447,4,train
1050,4,train
8684,1,train
24927,3,train
27391,1,train
1829,0,train
23245,2,train
26179,2,train
17486,2,train
14818,3,train
6839,1,train
24378,4,train
16814,4,train
10046,3,train
11807,1,train
24711,2,train
26398,3,train
2189,2,train
2892,2,train
7741,4,train
28826,1,train
13244,3,train
29441,4,train
25735,2,train
5298,4,train
2336,3,train
3440,2,train
2815,1,train
16378,4,train
13220,1,train
522,2,train
4465,0,train
4302,1,train
2815,1,train
12531,0,train
25741,3,train
26290,3,train
27568,1,train
28214,4,train
15455,2,train
12673,0,train
4881,2,train
6058,0,train
26139,1,train
3701,4,train
15451,1,train
19243,1,train
20167,1,train
5074,4,train
16434,4,train
12412,3,train
20697,2,train
21025,2,train
23594,0,train
27534,1,train
6283,0,train
21388,3,train
20560,4,train
28693,0,train
22086,0,train
17548,3,train
28494,2,train
13270,3,train
21668,4,train
20743,3,train
19252,1,train
1842,1,train
28914,2,train
4601,0,train
14629,1,train
29492,3,train
2959,2,train
17083,0,train
23465,1,train
13599,3,train
25114,2,train
27214,1,train
1508,3,train
8380,4,train
13060,0,train
24767,3,train
5031,3,train
21272,4,train
28340,2,train
11039,4,train
22127,2,train
9903,0,train
10006,0,train
6897,2,train
19781,4,train
26064,1,train
5418,0,train
17252,3,train
21437,2,train
658,4,train
10858,3,train
25641,3,train
12179,0,train
7110,1,train
22050,3,train
6664,4,train
8888,1,train
11719,3,train
581,4,train
16052,3,train
5041,2,train
23036,3,train
23593,1,train
2502,1,train
11635,1,train
11716,0,train
18143,2,train
7070,0,train
28756,3,train
29071,3,train
19428,1,train
29178,2,train
9063,1,train
20219,4,train
3860,4,train
6011,4,train
2660,2,train
7339,2,train
21028,4,train
28487,0,train
778,0,train
16543,3,train
23518,2,train
2898,4,train
27167,0,train
29809,2,train
25640,1,train
28102,3,train
19171,3,train
17778,4,train
4152,3,train
22669,2,train
28764,3,train
22729,1,train
17214,0,train
24702,2,train
17265,0,train
27278,0,train
18080,1,train
25232,2,train
14902,4,train
16869,2,train
15121,4,train
3457,1,train
25695,4,train
11876,2,train
15797,2,train
9397,4,train
29589,0,train
23850,2,train
21412,4,train
5214,4,train
28399,0,train
17768,0,train
15903,4,train
20932,4,train
2339,4,train
28263,4,train
6407,0,train
19610,0,train
26000,0,train
11130,4,train
25129,1,train
25182,3,train
29529,4,train
16277,1,train
21668,4,train
25509,3,train
14900,2,train
8025,4,train
16909,0,train
11897,3,train
2152,4,train
6155,2,train
27206,2,train
18397,2,train
1111,1,train
10055,0,train
5723,3,train
19380,2,train
3738,4,train
24361,0,train
25950,4,train
17585,0,train
27,3,train
16673,3,train
24166,2,train
26646,1,train
12632,0,train
18990,3,train
27341,4,train
6612,0,train
19606,4,train
3374,3,train
7258,2,train
27086,3,train
17778,4,train
20022,0,train
13749,2,train
20985,2,train
12574,3,train
2624,4,train
21045,0,train
17983,2,train
19419,1,train
18974,0,train
6632,1,train
3132,4,train
20357,0,train
20767,2,train
4814,2,train
17435,1,train
20932,4,train
19606,4,train
101,2,train
734,2,train
20391,1,train
8027,3,train
822,3,train
13937,2,train
22006,2,train
783,4,train
15303,1,train
21205,3,train
21706,2,train
19509,3,train
16640,1,train
12395,3,train
13940,3,train
6092,3,train
6207,3,train
3074,3,train
9907,0,train
12386,0,train
26617,2,train
9650,3,train
18115,0,train
27683,4,train
18127,0,train
19415,0,train
29328,1,train
25090,2,train
7674,1,train
12593,0,train
6850,4,train
21090,0,train
28159,0,train
16263,1,train
27141,0,train
21505,0,train
22787,3,train
3458,0,train
29584,3,train
25348,1,train
1554,0,train
19414,3,train
24611,3,train
8760,0,train
17761,0,train
28621,0,train
11999,2,train
90,4,train
17309,4,train
5117,1,train
18857,4,train
6548,2,train
10708,4,train
28088,4,train
27834,4,train
15808,1,train
26543,3,train
15239,2,train
20442,4,train
8748,2,train
19551,2,train
15093,4,train
19003,3,train
15559,2,train
10097,1,train
29793,3,train
21184,4,train
20391,1,train
4183,0,train
3963,0,train
22750,1,train
8381,2,train
9340,4,train
16987,3,train
26379,3,train
5841,0,train
12123,3,train
23845,1,train
11173,0,train
3967,0,train
3094,1,train
11405,3,train
17514,1,train
17710,4,train
15929,0,train
10908,4,train
2156,2,train
10192,1,train
9508,0,train
6162,4,train
27754,0,train
10810,2,train
21205,3,train
19755,0,train
27662,1,train
24473,1,train
8925,3,train
1511,3,train
13071,1,train
8726,2,train
26781,4,train
22087,4,train
6169,2,train
6035,4,train
2310,1,train
14090,0,train
1021,4,train
5641,1,train
11976,4,train
10890,0,train
21211,1,train
17691,1,train
28033,3,train
11067,4,train
15303,1,train
1093,1,train
12040,2,train
26866,3,train
11486,0,train
11512,0,train
21266,3,train
20025,1,train
27221,0,train
17764,2,train
12590,3,train
28314,4,train
21607,0,train
8258,4,train
10227,2,train
24319,1,train
22297,4,train
9743,0,train
9814,4,train
7999,1,train
10272,4,train
18755,0,train
8196,2,train
18419,2,train
4992,3,train
13938,3,train
22356,0,train
29957,4,train
10235,4,train
20730,2,train
28438,0,train
23636,3,train
3554,2,train
582,3,train
2612,0,train
6399,3,train
25462,4,train
20232,1,train
28513,0,train
1506,0,train
17803,0,train
4934,4,train
27851,0,train
16593,2,train
21226,3,train
3582,1,train
12213,4,train
29460,4,train
10426,3,train
16151,2,train
13789,3,train
29520,2,train
4360,2,train
3247,4,train
11282,2,train
29108,4,train
7888,1,train
1926,2,train
16592,3,train
18713,0,train
6972,4,train
12367,3,train
24587,2,train
23663,3,train
22308,1,train
12224,3,train
2129,2,train
1846,1,train
10692,0,train
7514,1,train
3119,1,train
10426,3,train
20009,0,train
20724,0,train
22650,2,train
21445,0,train
27563,1,train
460,3,train
3100,3,train
5811,0,train
11307,1,train
26719,2,train
15012,2,train
12997,2,train
17012,0,train
7817,3,train
28818,1,train
18474,4,train
854,4,train
20101,1,train
6447,3,train
27757,4,train
13627,2,train
26612,3,train
17079,0,train
24674,2,train
27713,4,train
23866,2,train
18451,0,train
18196,1,train
8237,2,train
22916,4,train
6710,3,train
28236,1,train
19062,4,train
9375,3,train
12478,1,train
23697,0,train
5244,3,train
4023,1,train
5270,3,train
21127,0,train
17189,4,train
27489,3,train
7717,0,train
22790,1,train
12956,3,train
9715,1,train
22984,1,train
2881,4,train
9066,3,train
12143,2,train
27878,3,train
21018,0,train
9064,1,train
26639,0,train
16875,2,train
14628,2,train
11642,4,train
25792,1,train
29593,0,train
19487,3,train
10408,4,train
10704,3,train
23338,4,train
24442,0,train
28274,0,train
7056,0,train
29609,2,train
14432,0,train
5678,4,train
24387,4,train
18671,3,train
6892,4,train
6,0,train
18166,0,train
25019,0,train
621,2,train
24811,4,train
2376,2,train
14043,4,train
12550,0,train
21917,0,train
24914,3,train
3141,3,train
21294,4,train
7371,3,train
4544,3,train
15374,0,train
18764,3,train
16885,4,train
5528,2,train
26728,0,train
26055,0,train
23509,2,train
25808,4,train
2800,1,train
24338,1,train
26310,0,train
9421,0,train
16120,3,train
12176,0,train
6052,0,train
9189,1,train
2210,4,train
19480,1,train
27547,2,train
16050,4,train
4445,4,train
9710,4,train
20450,3,train
13387,2,train
3985,3,train
22120,1,train
11030,3,train
2453,0,train
25805,1,train
14511,3,train
1132,4,train
13357,3,train
27583,0,train
24590,4,train
1633,3,train
23839,1,train
28921,0,train
27049,2,train
1603,3,train
25606,2,train
3327,1,train
5099,4,train
948,3,train
22916,4,train
2654,2,train
26884,1,train
1862,0,train
29223,4,train
7309,2,train
29297,0,train
28738,0,train
17443,2,train
2580,0,train
11720,3,train
21125,2,train
26585,0,train
8460,0,train
8643,4,train
25071,2,train
11513,3,train
12986,0,train
756,0,train
7627,2,train
13953,0,train
20894,4,train
16815,0,train
19339,2,train
22523,4,train
9387,1,train
3982,1,train
21582,4,train
5334,1,train
3491,2,train
26339,0,train
13072,4,train
22085,0,train
28818,1,train
24623,4,train
3912,4,train
20045,2,train
9679,2,train
10995,3,train
17287,3,train
17884,0,train
3995,3,train
9519,4,train
27791,0,train
22343,2,train
6432,0,train
22192,4,train
7542,1,train
3876,1,train
25185,3,train
18407,3,train
9990,1,train
13225,1,train
16062,2,train
14246,3,train
1205,1,train
8830,0,train
22113,3,train
27067,0,train
6841,4,train
1517,2,train
9052,4,train
6379,4,train
18662,4,train
12049,0,train
5059,4,train
23879,4,train
20487,2,train
8857,4,train
7690,4,train
21819,4,train
21464,0,train
19384,3,train
594,0,train
27123,0,train
10870,4,train
13059,0,train
16489,0,train
20912,1,train
28323,0,train
266,0,train
28812,1,train
19622,4,train
21152,4,train
20457,0,train
1163,4,train
26834,2,train
16982,0,train
20491,2,train
28835,0,train
13390,3,train
15723,2,train
9766,2,train
14217,4,train
10838,0,train
9017,1,train
19655,4,train
25465,0,train
12699,2,train
13288,4,train
6259,3,train
13363,3,train
26055,0,train
20214,4,train
15926,0,train
28026,0,train
646,4,train
26792,1,train
26756,2,train
2600,3,train
26145,4,train
2333,2,train
25336,0,train
10597,4,train
11112,4,train
23821,1,train
28663,0,train
26694,0,train
22474,1,train
7940,1,train
8347,4,train
21365,1,train
9382,0,train
26613,0,train
27476,1,train
18812,3,train
29454,1,train
658,4,train
1859,2,train
15713,4,train
1724,1,train
15265,4,train
18002,1,train
14678,2,train
15855,0,train
10066,2,train
1692,3,train
13077,1,train
29523,0,train
27361,4,train
14559,4,train
12959,1,train
7961,0,train
4910,0,train
4553,1,train
18409,1,train
14152,1,train
26454,0,train
20433,0,train
27371,2,train
21428,0,train
17311,2,train
2318,3,train
14652,0,train
17495,0,train
24591,1,train
8910,4,train
16256,0,train
21502,2,train
21719,1,train
23252,4,train
12534,2,train
23166,1,train
907,3,train
11618,4,train
1787,0,train
22011,1,train
1313,1,train
1598,2,train
21965,3,train
21039,4,train
1155,0,train
9829,3,train
1556,1,train
13953,0,train
13435,2,train
5562,0,train
17289,4,train
15717,4,train
7120,4,train
10562,3,train
27805,0,train
12306,4,train
26922,0,train
2126,0,train
4530,1,train
7325,3,train
20564,1,train
20892,4,train
13637,3,train
28572,0,train
10265,0,train
10366,0,train
15481,0,train
7915,2,train
2210,4,train
28169,1,train
23448,3,train
24310,2,train
10368,3,train
622,1,train
3875,4,train
7874,4,train
21061,3,train
12284,1,train
8253,3,train
26863,1,train
3120,0,train
21037,0,train
18432,4,train
15525,3,train
4769,1,train
4990,1,train
14579,0,train
27863,3,train
5222,1,train
16015,0,train
5832,4,train
23717,1,train
20054,4,train
5942,3,train
25610,4,train
3927,4,train
10305,4,train
14710,4,train
23873,2,train
22047,4,train
3629,4,train
17900,0,train
23930,4,train
2557,1,train
21085,1,train
22500,3,train
3668,4,train
25503,3,train
24823,1,train
23811,1,train
17010,1,train
24728,4,train
8957,2,train
13449,0,train
12551,4,train
13980,3,train
20821,0,train
26856,4,train
9325,2,train
1027,0,train
1056,4,train
10566,1,train
20195,3,train
24802,0,train
10783,4,train
25026,3,train
2566,2,train
13432,3,train
22401,1,train
3218,1,train
25163,4,train
19929,1,train
11698,1,train
6078,1,train
896,2,train
7862,4,train
5376,0,train
28495,4,train
2248,1,train
431,4,train
29037,1,train
2544,3,train
23565,1,train
19757,2,train
1502,1,train
27203,2,train
28956,1,train
16439,2,train
15095,3,train
1706,4,train
3241,4,train
5340,3,train
8712,4,train
26281,0,train
26591,4,train
25518,3,train
17023,0,train
25302,1,train
28824,4,train
9055,0,train
1804,0,train
11541,3,train
29813,0,train
17751,4,train
26683,2,train
18287,3,train
166,0,train
4957,2,train
7707,3,train
26591,4,train
27622,4,train
29412,2,train
4732,0,train
8264,4,train
22806,4,train
24468,4,train
18021,1,train
10690,4,train
23454,0,train
24370,0,train
20900,0,train
17991,0,train
19718,1,train
27686,1,train
11831,1,train
4534,1,train
20232,1,train
27342,0,train
26613,0,train
11675,1,train
12666,1,train
10418,3,train
23326,0,train
26107,2,train
5680,1,train
22759,4,train
1860,4,train
16213,3,train
7415,3,train
27527,3,train
10422,0,train
29199,3,train
7035,0,train
22304,0,train
12170,1,train
11751,3,train
24094,0,train
8115,1,train
27493,2,train
2346,2,train
10301,3,train
14256,0,train
25433,0,train
25836,4,train
22271,3,train
4414,1,train
18238,3,train
25658,1,train
8175,2,train
17939,0,train
26674,4,train
27989,3,train
19018,2,train
1844,0,train
1419,1,train
17360,4,train
27091,0,train
20899,4,train
29002,4,train
6291,4,train
13590,2,train
906,4,train
12460,2,train
19641,0,train
19314,4,train
69,2,train
23054,1,train
10298,2,train
28842,0,train
9253,3,train
28403,4,train
24808,4,train
21596,1,train
16539,4,train
1176,1,train
25337,1,train
23162,0,train
4548,2,train
8401,2,train
22059,4,train
27822,3,train
17312,4,train
11062,4,train
13913,2,train
25440,1,train
7163,2,train
25478,1,train
24860,0,train
3643,1,train
22423,2,train
19223,4,train
20499,0,train
29772,4,train
740,3,train
1191,3,train
11799,0,train
8471,1,train
24102,0,train
11302,2,train
6820,1,train
29066,1,train
13768,4,train
4188,1,train
20158,3,train
13286,0,train
16695,0,train
3760,2,train
20998,3,train
9644,2,train
830,1,train
25645,2,train
18208,4,train
16872,4,train
14534,2,train
19934,3,train
26715,1,train
23561,4,train
17344,2,train
23896,1,train
8479,0,train
20460,1,train
19349,2,train
2685,0,train
14390,4,train
5975,2,train
9584,4,train
21756,1,train
26676,1,train
8798,2,train
3242,0,train
16524,3,train
22365,3,train
23092,2,train
5278,4,train
25740,2,train
9515,2,train
6668,0,train
17193,2,train
10513,0,train
360,0,train
27486,3,train
21398,1,train
11198,0,train
11440,0,train
9841,2,train
6522,2,train
11325,0,train
26660,3,train
25317,2,train
13864,4,train
22471,3,train
28212,3,train
15265,4,train
27720,0,train
10613,4,train
25920,0,train
2285,2,train
22357,3,train
14458,4,train
11073,0,train
6505,1,train
3443,0,train
9379,4,train
4536,4,train
8518,1,train
15761,3,train
14510,3,train
29217,1,train
22935,2,train
1729,1,train
5927,0,train
10329,1,train
28483,2,train
22391,2,train
7694,4,train
24084,0,train
1233,0,train
520,1,train
9296,2,train
2317,0,train
23906,0,train
16918,0,train
29668,2,train
21065,2,train
15695,3,train
27072,4,train
2965,3,train
5988,1,train
20919,1,train
24140,3,train
19758,3,train
19108,2,train
16943,4,train
13421,1,train
6475,0,train
18021,1,train
29438,2,train
12579,1,train
19272,4,train
5950,2,train
22603,1,train
290,1,train
10022,1,train
10848,0,train
18129,2,train
19611,1,train
17169,1,train
14717,2,train
27207,2,train
14597,2,train
2638,0,train
16004,1,train
4631,2,train
1174,1,train
6940,4,train
22804,2,train
26798,4,train
10,3,train
2302,3,train
26716,0,train
12078,2,train
27969,3,train
15086,2,train
22988,2,train
3816,2,train
27161,3,train
23053,3,train
8197,3,train
14300,4,train
10122,4,train
13223,4,train
8499,3,train
13756,4,train
21300,4,train
4859,3,train
27930,1,train
17126,0,train
18306,3,train
12379,0,train
14377,3,train
11205,1,train
26969,3,train
22776,4,train
22796,4,train
12625,4,train
5953,2,train
13298,1,train
13284,1,train
2277,4,train
15780,1,train
4213,0,train
4394,2,train
18037,3,train
24047,0,train
6360,3,train
10234,4,train
9989,2,train
28447,1,train
2927,3,train
16820,3,train
15838,2,train
19299,0,train
18116,0,train
9324,2,train
8346,4,train
24905,0,train
12841,3,train
12382,2,train
21420,4,train
28992,2,train
17520,2,train
21001,4,train
13175,3,train
274,3,train
8195,1,train
25870,4,train
14996,3,train
23165,2,train
4448,4,train
18729,2,train
2095,1,train
2479,1,train
27225,1,train
19354,3,train
29138,0,train
22446,4,train
19431,2,train
21906,2,train
914,0,train
1944,1,train
10118,3,train
10163,4,train
2008,1,train
23717,1,train
26140,0,train
1517,2,train
22100,4,train
325,4,train
14796,0,train
25004,1,train
18064,1,train
4048,3,train
14807,1,train
12269,3,train
20231,0,train
15716,3,train
5768,1,train
29024,0,train
6458,2,train
28612,0,train
9104,0,train
23797,1,train
10561,1,train
1318,0,train
23860,0,train
16990,1,train
22793,2,train
4081,1,train
1261,3,train
10800,2,train
26322,2,train
3212,2,train
9092,3,train
17390,4,train
5077,1,train
18289,0,train
4786,4,train
11982,3,train
14085,2,train
5445,1,train
20270,4,train
27700,4,train
4602,0,train
20583,4,train
6686,1,train
2746,4,train
24903,1,train
7261,1,train
27373,3,train
10941,3,train
26699,2,train
14842,1,train
11973,3,train
20121,0,train
8361,2,train
8740,3,train
1863,3,train
17789,1,train
28134,3,train
28262,0,train
20147,4,train
8205,4,train
17349,0,train
27936,3,train
3690,2,train
2559,0,train
13083,2,train
19701,2,train
3729,1,train
23113,4,train
7566,2,train
21177,0,train
4657,1,train
2003,0,train
23068,2,train
4658,3,train
14636,1,train
18038,1,train
8005,1,train
10627,1,train
23620,1,train
3765,1,train
26147,0,train
10711,1,train
26191,4,train
22508,1,train
20582,0,train
5366,3,train
12605,2,train
5847,3,train
775,1,train
25581,4,train
5157,0,train
10040,1,train
3426,1,train
28427,3,train
17597,2,train
11142,2,train
28200,3,train
21002,3,train
28513,0,train
4701,3,train
7917,4,train
15774,4,train
23850,2,train
19819,1,train
7138,1,train
833,1,train
18131,0,train
3024,3,train
693,4,train
28292,1,train
8549,1,train
23114,0,train
13871,4,train
5231,4,train
15769,4,train
2958,3,train
15745,4,train
12118,2,train
17406,3,train
1520,3,train
21770,4,train
13113,1,train
2934,3,train
7563,1,train
16497,2,train
15755,4,train
11514,1,train
19088,0,train
23583,2,train
14323,2,train
21650,4,train
28915,3,train
17178,1,train
27283,2,train
2890,2,train
20409,2,train
8635,4,train
21939,4,train
27611,0,train
8774,4,train
2695,2,train
27850,0,train
14295,3,train
26581,3,train
3845,2,train
23494,2,train
26994,3,train
17742,0,train
23148,0,train
4238,3,train
14594,2,train
783,4,train
19161,3,train
9311,4,train
7301,2,train
7671,2,train
20911,3,train
3955,1,train
28202,1,train
28388,1,train
5599,4,train
578,2,train
3786,2,train
13305,2,train
17664,4,train
26104,0,train
11473,1,train
4361,2,train
2210,4,train
11514,1,train
13638,3,train
57,1,train
3335,0,train
25838,2,train
6649,3,train
26961,4,train
14296,4,train
13678,1,train
28670,4,train
6347,1,train
13540,4,train
4212,0,train
2290,4,train
2325,1,train
15953,2,train
19891,3,train
9404,4,train
14104,3,train
28577,2,train
14966,0,train
25875,0,train
14454,2,train
5914,0,train
6738,0,train
3588,3,train
8289,2,train
8070,1,train
20232,1,train
3642,2,train
19936,0,train
5673,0,train
5984,4,train
9810,4,train
1425,3,train
4786,4,train
25431,0,train
26879,0,train
1955,1,train
10800,2,train
9407,2,train
25311,1,train
10743,1,train
27656,3,train
13292,0,train
22187,3,train
7796,1,train
2245,3,train
28679,0,train
9233,3,train
13483,2,train
29872,2,train
2977,0,train
6572,1,train
19062,4,train
7467,1,train
26741,4,train
13222,3,train
2810,0,train
679,1,train
24262,0,train
28690,3,train
21656,4,train
23821,1,train
2582,0,train
19246,0,train
19270,1,train
27326,2,train
26112,3,train
21389,0,train
6540,0,train
2685,0,train
1053,0,train
4081,1,train
6484,1,train
25482,0,train
6058,0,train
18419,2,train
17006,2,train
10025,0,train
10145,0,train
14647,0,train
7409,3,train
8806,3,train
18975,3,train
20206,1,train
17407,2,train
878,4,train
2884,4,train
24848,1,train
14526,3,train
14640,1,train
16851,3,train
28533,2,train
20310,2,train
9407,2,train
519,3,train
20431,1,train
1887,2,train
960,3,train
17973,4,train
3588,3,train
7627,2,train
20804,4,train
17180,2,train
11894,1,train
23442,1,train
18469,1,train
19195,3,train
12759,4,train
22789,1,train
17441,0,train
22019,2,train
5764,2,train
19550,3,train
19261,3,train
16739,3,train
11131,1,train
9342,4,train
26991,2,train
6279,4,train
15000,2,train
28074,3,train
17512,1,train
8169,3,train
24561,0,train
898,4,train
3254,0,train
8377,1,train
5956,1,train
27960,2,train
9590,2,train
712,3,train
28048,1,train
17297,4,train
20913,3,train
18849,4,train
26840,2,train
24029,0,train
5393,4,train
23696,3,train
6224,4,train
1618,3,train
36,0,train
14206,4,train
18805,1,train
2293,4,train
28273,2,train
23828,0,train
28120,2,train
14230,1,train
13209,4,train
3696,2,train
10341,2,train
9296,2,train
23331,3,train
29551,4,train
9482,1,train
27231,2,train
971,0,train
15481,0,train
16554,0,train
9853,4,train
26704,0,train
27681,3,train
21558,3,train
7926,3,train
5725,4,train
24939,0,train
11779,0,train
12426,4,train
5108,3,train
22632,1,train
15835,1,train
26424,2,train
5222,1,train
21385,2,train
19825,1,train
1556,1,train
15985,4,train
4038,4,train
5399,4,train
29702,1,train
9215,0,train
18270,4,train
25391,3,train
537,0,train
23792,2,train
14075,3,train
2699,3,train
14082,3,train
21889,3,train
23249,1,train
27025,3,train
20043,2,train
11429,0,train
14087,0,train
804,2,train
25879,4,train
8974,2,train
1457,1,train
33,0,train
24887,1,train
12657,0,train
18886,0,train
14775,0,train
27404,4,train
20894,4,train
9098,1,train
28362,4,train
29723,3,train
18768,4,train
3854,3,train
2158,1,train
20966,4,train
25998,1,train
13171,0,train
20099,4,train
9669,0,train
5744,4,train
28626,1,train
10915,4,train
24068,3,train
3289,4,train
8573,0,train
4578,2,train
13092,3,train
17832,4,train
1015,0,train
18751,3,train
9317,1,train
5676,2,train
17073,1,train
14610,0,train
22711,4,train
7207,2,train
8127,1,train
7158,3,train
8581,4,train
26801,1,train
7565,1,train
7099,3,train
20261,4,train
2928,1,train
14400,0,train
10434,2,train
22330,3,train
3948,1,train
5641,1,train
23482,0,train
27388,3,train
20594,1,train
3541,0,train
26203,3,train
8669,0,train
3335,0,train
12026,2,train
11970,3,train
115,2,train
13383,1,train
28497,4,train
23462,3,train
27285,3,train
18393,1,train
21566,4,train
13215,1,train
13999,0,train
8710,0,train
23682,1,train
25101,2,train
25970,1,train
17714,4,train
10318,0,train
9383,2,train
26148,3,train
7616,3,train
6739,4,train
7600,3,train
22125,1,train
3156,0,train
21568,0,train
4533,2,train
2037,2,train
21423,2,train
14763,2,train
2194,1,train
25776,0,train
27693,1,train
6874,4,train
15478,1,train
4621,3,train
19406,0,train
24126,1,train
11324,2,train
25524,1,train
25580,0,train
24225,2,train
3508,0,train
12265,1,train
27363,0,train
1984,1,train
14533,4,train
9917,2,train
17962,2,train
971,0,train
24108,3,train
17409,2,train
12054,2,train
444,1,train
26213,2,train
23557,1,train
28368,2,train
5757,1,train
17339,2,train
5005,3,train
5648,1,train
12421,1,train
18708,1,train
204,2,train
23130,0,train
13472,2,train
20435,4,train
14731,3,train
11245,1,train
28584,0,train
29955,3,train
19840,1,train
22694,1,train
26673,0,train
6970,2,train
17326,4,train
2842,2,train
29133,2,train
5608,3,train
26945,3,train
14718,3,train
4675,3,train
15549,4,train
26788,1,train
28460,3,train
17400,4,train
21002,3,train
21000,3,train
26236,0,train
21622,4,train
5228,4,train
5452,2,train
27104,2,train
25554,0,train
15978,0,train
4735,3,train
24502,1,train
14380,2,train
18887,1,train
11568,0,train
29294,4,train
46,1,train
22830,2,train
19532,3,train
10747,0,train
5666,0,train
20993,4,train
5220,4,train
25387,3,train
22602,1,train
25459,0,train
6312,4,train
10000,3,train
3589,4,train
3430,0,train
5645,4,train
28260,0,train
29576,1,train
13837,0,train
2179,0,train
18311,1,train
13594,4,train
24237,1,train
23284,2,train
5223,1,train
18811,0,train
1019,4,train
26119,0,train
10991,3,train
15460,4,train
1876,3,train
8664,4,train
14357,1,train
12599,3,train
8864,0,train
27746,2,train
26908,3,train
5777,4,train
27040,4,train
27475,4,train
26021,4,train
29715,0,train
25362,3,train
6805,1,train
27347,3,train
10137,3,train
14844,3,train
643,4,train
22841,4,train
5063,0,train
16754,1,train
16058,1,train
15617,0,train
12978,4,train
15151,3,train
20440,2,train
2524,0,train
20187,1,train
1167,0,train
11990,3,train
12721,1,train
15368,1,train
2397,2,train
24293,0,train
10181,0,train
23433,1,train
10006,0,train
27254,0,train
15324,1,train
6991,4,train
14220,4,train
6241,1,train
6283,0,train
19685,0,train
2811,3,train
18703,3,train
22795,3,train
26569,2,train
10412,4,train
9190,0,train
25058,1,train
27792,3,train
10219,4,train
25478,1,train
7271,4,train
15744,1,train
27988,4,train
21872,2,train
18942,0,train
13453,2,train
2522,4,train
28076,3,train
6671,1,train
4424,0,train
22515,2,train
22133,2,train
25835,1,train
4756,3,train
1771,2,train
3819,0,train
27750,3,train
22896,2,train
2853,2,train
12456,1,train
16625,0,train
17917,3,train
26935,4,train
29802,4,train
243,4,train
29366,0,train
25768,2,train
15216,4,train
20831,4,train
2357,1,train
10271,0,train
15434,3,train
12145,2,train
26884,1,train
28080,2,train
13941,0,train
14520,2,train
4758,2,train
336,0,train
18387,3,train
10887,1,train
27416,2,train
5601,3,train
203,4,train
22302,2,train
17465,3,train
23684,2,train
12622,2,train
15498,0,train
20730,2,train
28567,1,train
16736,4,train
6207,3,train
2154,0,train
2405,3,train
7838,4,train
15329,0,train
9337,2,train
10909,2,train
9930,2,train
28282,3,train
6744,4,train
2624,4,train
28870,3,train
1513,0,train
16322,0,train
24897,1,train
23706,2,train
483,3,train
22694,1,train
9205,1,train
16384,0,train
7457,0,train
10951,0,train
13220,1,train
29906,1,train
27062,1,train
16254,0,train
3990,2,train
25940,4,train
17369,2,train
11067,4,train
27622,4,train
28665,2,train
12956,3,train
3781,2,train
3130,0,train
24420,2,train
15254,1,train
20282,0,train
15750,0,train
9223,1,train
7927,4,train
3655,4,train
7732,2,train
12651,2,train
10916,0,train
14309,3,train
5470,0,train
12415,2,train
10212,4,train
22222,2,train
15664,2,train
14718,3,train
9180,1,train
27103,4,train
8842,1,train
13906,3,train
15085,2,train
28265,2,train
28068,4,train
4290,2,train
21109,1,train
8776,3,train
376,4,train
1572,2,train
10957,2,train
12179,0,train
9053,4,train
25326,0,train
25656,3,train
14666,0,train
7373,0,train
20417,3,train
15763,1,train
28590,3,train
26516,1,train
7355,1,train
13858,0,train
14621,3,train
22858,4,train
14092,3,train
21607,0,train
14912,4,train
12652,3,train
7411,1,train
17880,2,train
10045,3,train
12798,1,train
10048,1,train
28837,2,train
4567,4,train
6317,4,train
18595,0,train
8540,1,train
16564,0,train
11682,3,train
4948,1,train
28369,3,train
22475,4,train
11855,2,train
29795,4,train
1412,1,train
21469,3,train
22795,3,train
16776,4,train
23402,2,train
21960,3,train
16004,1,train
29181,2,train
25549,1,train
21868,0,train
27644,0,train
20408,4,train
9453,1,train
14869,3,train
24248,3,train
8340,3,train
9522,3,train
18066,0,train
1670,4,train
674,3,train
16703,1,train
23345,3,train
3916,4,train
5587,0,train
4913,0,train
4770,1,train
17661,1,train
20306,1,train
24797,1,train
27888,2,train
24038,0,train
28466,2,train
6390,3,train
19181,3,train
29700,3,train
22366,3,train
28171,1,train
15542,0,train
17848,2,train
27673,1,train
206,2,train
23190,2,train
16969,1,train
9167,2,train
2987,2,train
23260,3,train
26901,1,train
10326,2,train
9477,2,train
17582,3,train
14651,3,train
410,0,train
25230,4,train
13131,2,train
26799,2,train
26720,0,train
9847,2,train
21821,0,train
23270,1,train
24838,3,train
11301,4,train
11009,1,train
10476,2,train
15936,0,train
8390,4,train
22727,1,train
28972,0,train
13888,4,train
7031,1,train
24045,4,train
26172,0,train
10793,3,train
20644,4,train
2992,1,train
9784,3,train
27281,4,train
17053,4,train
15848,0,train
3126,2,train
26015,0,train
12720,4,train
25671,1,train
24752,2,train
8994,4,train
17104,3,train
23375,1,train
14784,0,train
10599,0,train
7488,4,train
3638,0,train
21481,1,train
28110,0,train
17205,1,train
3833,1,train
8375,3,train
4651,0,train
383,1,train
5343,2,train
8725,0,train
2746,4,train
7156,4,train
28597,0,train
10194,1,train
19344,2,train
13889,2,train
16882,1,train
5548,4,train
24729,0,train
12550,0,train
18007,2,train
7784,2,train
16259,0,train
9527,1,train
13307,3,train
2347,0,train
18343,2,train
16018,4,train
10949,4,train
23544,3,train
22151,0,train
11084,3,train
29123,1,train
13496,3,train
19994,2,train
5710,4,train
3957,1,train
20885,3,train
13863,0,train
10205,4,train
21751,3,train
13092,3,train
29403,2,train
22556,2,train
644,4,train
29492,3,train
24572,4,train
22601,3,train
18914,4,train
12577,0,train
29251,3,train
12968,2,train
19822,1,train
21804,4,train
2503,2,train
12892,3,train
7747,2,train
1759,1,train
12626,3,train
19317,2,train
15741,1,train
22225,0,train
8496,4,train
15211,2,train
9226,3,train
17598,2,train
15919,0,train
28190,0,train
16965,2,train
21063,1,train
6151,2,train
10655,2,train
24901,2,train
22426,2,train
23885,0,train
15896,3,train
20113,0,train
19078,3,train
653,0,train
25321,4,train
16503,4,train
29549,3,train
28608,4,train
20430,0,train
22134,0,train
20583,4,train
1037,1,train
25619,1,train
15367,4,train
27474,4,train
29357,4,train
24258,4,train
8383,2,train
11513,3,train
28144,1,train
8391,3,train
4785,4,train
26384,4,train
5504,2,train
15798,2,train
1920,2,train
22375,1,train
19631,4,train
3949,3,train
7006,2,train
29484,2,train
7297,2,train
13780,4,train
28836,1,train
25063,4,train
23970,1,train
18860,0,train
11174,4,train
2907,4,train
7889,1,train
151,2,train
699,4,train
7140,3,train
18375,0,train
23685,1,train
8566,1,train
1832,0,train
10933,4,train
20992,1,train
24738,1,train
1458,0,train
22475,4,train
2869,0,train
16718,2,train
14475,1,train
27168,2,train
2157,2,train
11823,1,train
23745,1,train
10120,1,train
22190,3,train
19769,0,train
3012,2,train
1327,0,train
17671,0,train
29835,1,train
10189,1,train
20590,0,train
26995,3,train
14146,2,train
9999,4,train
7460,0,train
5711,3,train
8313,4,train
24064,4,train
7899,3,train
16652,1,train
23953,1,train
3059,2,train
4115,4,train
9874,4,train
18582,2,train
988,0,train
9105,0,train
11624,1,train
20366,1,train
14748,3,train
14088,1,train
9093,1,train
12397,4,train
1506,0,train
2084,3,train
7343,1,train
12903,0,train
15243,3,train
28530,1,train
13399,2,train
16093,1,train
12859,2,train
27883,4,train
125,3,train
27580,0,train
21189,0,train
5581,0,train
7549,4,train
23195,4,train
10366,0,train
21688,4,train
21043,1,train
11443,1,train
29158,0,train
350,3,train
14871,0,train
14450,2,train
3015,4,train
18094,4,train
4086,0,train
10090,2,train
5181,4,train
15546,4,train
22526,4,train
14024,3,train
27282,4,train
959,4,train
18179,4,train
28909,1,train
13749,2,train
25134,3,train
29065,3,train
21645,4,train
26926,1,train
13655,3,train
15357,3,train
96,3,train
25529,3,train
11679,0,train
26568,1,train
6984,4,train
11219,2,train
1489,2,train
9744,1,train
28957,0,train
27667,2,train
2843,2,train
14168,3,train
8510,0,train
13771,3,train
10788,1,train
4920,3,train
6842,0,train
19159,2,train
14451,0,train
21865,4,train
1932,2,train
2759,0,train
5155,1,train
19481,0,train
16425,0,train
23330,0,train
7210,3,train
13969,2,train
4371,3,train
27246,3,train
8522,4,train
26463,4,train
6883,0,train
26501,2,train
1976,0,train
16060,1,train
26456,4,train
9565,3,train
19783,2,train
8578,3,train
26494,1,train
2343,1,train
10051,3,train
26810,2,train
5081,4,train
949,1,train
3282,2,train
22175,3,train
12566,0,train
1058,2,train
23823,1,train
20739,2,train
17528,4,train
12068,4,train
6102,0,train
19727,1,train
27725,0,train
8306,2,train
21536,1,train
17855,1,train
8612,3,train
27076,4,train
24351,3,train
1127,1,train
20712,0,train
5407,0,train
29282,3,train
14263,4,train
19340,2,train
1194,3,train
15782,1,train
10349,3,train
16382,4,train
20356,2,train
5133,3,train
25935,4,train
23179,3,train
3186,1,train
28058,1,train
22221,2,train
11805,0,train
28613,3,train
7497,4,train
5310,1,train
274,3,train
429,3,train
8175,2,train
20511,3,train
15016,4,train
17171,3,train
20546,1,train
27374,2,train
28699,0,train
24082,0,train
11655,0,train
24406,3,train
6724,3,train
20626,3,train
1380,3,train
20909,1,train
15336,3,train
85,0,train
22331,1,train
15444,3,train
27467,2,train
8284,3,train
17900,0,train
18574,0,train
6658,0,train
19454,0,train
28116,1,train
12837,3,train
28562,2,train
27026,0,train
12300,2,train
25798,3,train
14365,0,train
16511,4,train
22112,1,train
20726,4,train
12204,4,train
2713,0,train
7516,4,train
26479,0,train
7369,0,train
22850,2,train
25034,0,train
23352,4,train
27506,0,train
23561,4,train
9230,2,train
11323,3,train
2651,4,train
21403,3,train
22299,2,train
22517,1,train
27941,3,train
9718,3,train
17587,3,train
15134,2,train
20530,2,train
19627,0,train
11875,2,train
2697,0,train
13073,2,train
2603,3,train
16893,3,train
23270,1,train
7581,0,train
12424,4,train
25657,3,train
22495,3,train
11627,4,train
24308,2,train
19719,2,train
13203,0,train
1016,1,train
9955,4,train
5890,1,train
25572,0,train
1090,0,train
13799,0,train
2130,0,train
27117,4,train
9409,1,train
22630,3,train
10313,0,train
22431,3,train
12786,1,train
14205,1,train
8035,1,train
3170,3,train
11733,3,train
8112,2,train
18308,0,train
25457,3,train
23701,1,train
28388,1,train
4420,4,train
11095,4,train
18868,2,train
8621,0,train
4305,2,train
19443,1,train
6813,1,train
1738,1,train
8110,1,train
26728,0,train
11956,0,train
24604,0,train
23579,0,train
26955,2,train
10747,0,train
28849,2,train
21408,1,train
10751,3,train
11628,1,train
28708,0,train
23747,2,train
14452,0,train
12035,0,train
331,3,train
24863,0,train
21933,2,train
3618,2,train
797,2,train
2537,3,train
26269,3,train
9864,1,train
28855,1,train
8397,0,train
3722,1,train
27717,1,train
11236,0,train
9090,3,train
12608,2,train
13148,4,train
20909,1,train
13319,2,train
3467,2,train
26355,4,train
16787,3,train
27629,3,train
24757,4,train
6878,4,train
23833,0,train
14692,4,train
21972,3,train
10280,4,train
14927,3,train
2598,0,train
24423,2,train
17023,0,train
22523,4,train
23324,4,train
23505,2,train
14839,2,train
21539,2,train
8750,3,train
29906,1,train
22601,3,train
4213,0,train
21670,3,train
3541,0,train
18908,1,train
25312,3,train
19291,4,train
19520,1,train
22641,1,train
28785,4,train
862,1,train
22105,4,train
2583,3,train
1647,3,train
17201,3,train
12027,0,train
12159,0,train
12098,3,train
14752,3,train
10658,2,train
11860,2,train
12079,1,train
8179,1,train
1648,2,train
13253,4,train
17003,4,train
5008,2,train
14918,4,train
24211,0,train
16905,3,train
5664,0,train
26510,4,train
7603,0,train
21226,3,train
21278,3,train
1220,4,train
24267,2,train
18642,0,train
29588,0,train
13975,1,train
7654,3,train
25932,1,train
23136,3,train
17687,2,train
8423,2,train
24212,3,train
19424,0,train
5708,0,train
562,0,train
8336,0,train
11627,4,train
5243,3,train
21547,4,train
26619,3,train
24232,2,train
26603,3,train
13558,2,train
18236,1,train
21102,4,train
17561,3,train
18754,1,train
23394,4,train
1065,3,train
17322,1,train
27277,2,train
5426,0,train
12372,1,train
9594,2,train
5678,4,train
28396,2,train
11629,3,train
16512,3,train
7687,3,train
9194,3,train
27154,2,train
15303,1,train
19907,3,train
38,4,train
15187,3,train
9453,1,train
2152,4,train
5753,0,train
4619,0,train
6846,1,train
3509,0,train
11952,2,train
12161,4,train
8076,0,train
11351,0,train
13111,2,train
10666,0,train
23576,0,train
28385,2,train
19174,4,train
2877,0,train
12610,0,train
26217,3,train
11597,4,train
6441,4,train
28325,0,train
15464,2,train
2464,1,train
13903,2,train
4458,4,train
4889,4,train
125,3,train
18248,2,train
23735,2,train
12156,1,train
3240,3,train
11013,3,train
27511,1,train
5079,0,train
29422,0,train
14175,2,train
990,2,train
23013,2,train
26725,0,train
20860,4,train
7903,2,train
20275,2,train
25269,4,train
16339,1,train
6186,1,train
3181,2,train
26201,2,train
28884,1,train
7935,3,train
21499,1,train
21248,1,train
14958,2,train
14903,2,train
27719,1,train
11555,0,train
2742,0,train
2661,0,train
2030,3,train
3536,1,train
17125,2,train
11253,2,train
23987,0,train
24506,4,train
9957,0,train
14112,4,train
18940,2,train
8345,3,train
17109,3,train
23187,0,train
20130,1,train
13023,0,train
13864,4,train
12425,1,train
23901,1,train
10379,1,train
11284,2,train
16104,0,train
22085,0,train
29219,1,train
7533,2,train
12148,2,train
24788,4,train
4625,0,train
24406,3,train
7392,2,train
27261,0,train
11529,0,train
9006,2,train
2819,3,train
8971,2,train
16817,3,train
14217,4,train
29631,3,train
5787,0,train
16902,3,train
24987,0,train
18669,2,train
22064,3,train
21166,1,train
14775,0,train
631,2,train
6857,3,train
17116,1,train
24629,2,train
7046,0,train
1628,1,train
23312,3,train
25778,1,train
3985,3,train
29693,0,train
27017,1,train
18436,2,train
15997,1,train
18739,1,train
7539,0,train
24702,2,train
10997,3,train
15180,2,train
6951,2,train
8868,0,train
2070,1,train
23081,2,train
7883,2,train
20205,1,train
14927,3,train
13967,3,train
22470,4,train
1572,2,train
12956,3,train
29059,4,train
6217,0,train
22899,1,train
23645,0,train
25085,0,train
26413,3,train
19756,4,train
16776,4,train
10197,4,train
4536,4,train
18193,3,train
11194,3,train
11688,4,train
3448,2,train
13224,4,train
10615,4,train
24535,2,train
8613,4,train
14154,3,train
15859,4,train
2425,0,train
20537,0,train
10779,3,train
21337,0,train
2849,3,train
15753,2,train
9680,2,train
15525,3,train
2220,1,train
5946,2,train
17198,3,train
10072,0,train
4558,4,train
8488,0,train
7714,1,train
3469,3,train
7132,1,train
25998,1,train
20860,4,train
6099,3,train
11859,3,train
6512,2,train
16429,1,train
8447,0,train
26230,4,train
18482,1,train
14556,0,train
18740,3,train
10178,3,train
10451,3,train
19847,2,train
22103,0,train
10882,0,train
1612,4,train
183,1,train
7773,1,train
6535,1,train
20982,1,train
3420,3,train
23705,3,train
8012,2,train
15269,4,train
19618,3,train
29810,4,train
9293,2,train
11522,0,train
17949,2,train
26235,4,train
22760,1,train
16438,0,train
530,4,train
1956,4,train
7782,1,train
26040,0,train
12021,1,train
6012,3,train
9822,0,train
13787,3,train
18806,0,train
15590,3,train
2850,1,train
12785,4,train
5286,3,train
5045,4,train
27552,1,train
23722,4,train
27341,4,train
21683,1,train
12142,1,train
29512,4,train
2959,2,train
1241,0,train
25418,2,train
24856,1,train
6617,4,train
21995,2,train
21927,4,train
19796,0,train
16447,1,train
8961,0,train
18955,4,train
9729,4,train
12579,1,train
12995,4,train
1154,3,train
27216,0,train
9465,2,train
13313,4,train
5319,1,train
1801,4,train
24037,2,train
12609,0,train
9177,3,train
11408,1,train
8809,2,train
16991,2,train
14262,3,train
834,0,train
15519,2,train
3252,1,train
12833,3,train
11104,0,train
9916,3,train
28184,2,train
28482,4,train
26082,1,train
7384,0,train
27166,0,train
4902,4,train
9507,4,train
13211,0,train
25129,1,train
25860,3,train
24747,0,train
18145,0,train
20729,1,train
8256,2,train
27752,3,train
10576,1,train
29141,0,train
9316,4,train
22959,0,train
12178,2,train
5893,2,train
28872,2,train
27340,4,train
16029,4,train
9057,3,train
21926,0,train
14218,4,train
3919,2,train
24865,2,train
4108,2,train
17233,4,train
12761,1,train
10522,0,train
17173,4,train
17666,3,train
18125,1,train
16957,1,train
9753,1,train
12367,3,train
11092,1,train
14853,3,train
25887,4,train
1688,3,train
4533,2,train
29909,1,train
3337,1,train
11683,2,train
14663,2,train
1696,0,train
465,2,train
14659,3,train
14434,1,train
8131,0,train
25425,1,train
22410,0,train
29504,1,train
7179,4,train
20964,3,train
28403,4,train
26667,0,train
8711,2,train
22291,1,train
9989,2,train
2944,4,train
25373,0,train
25189,3,train
24406,3,train
8276,2,train
16852,1,train
9836,0,train
28477,1,train
540,3,train
10812,4,train
1524,1,train
6075,3,train
15282,2,train
5692,2,train
2017,1,train
6976,4,train
29984,4,train
11493,0,train
11890,3,train
1050,4,train
9680,2,train
24178,0,train
16926,2,train
15680,0,train
20343,0,train
25665,4,train
10100,2,train
5609,1,train
7630,4,train
18045,3,train
23379,3,train
15345,3,train
25237,0,train
25114,2,train
24155,1,train
23354,1,train
25746,3,train
20104,3,train
24735,0,train
24387,4,train
21599,4,train
15548,1,train
26441,2,train
17810,2,train
20595,3,train
6692,0,train
11106,0,train
27086,3,train
25590,0,train
22617,1,train
464,1,train
27904,1,train
10651,2,train
27688,2,train
13772,4,train
19700,1,train
24551,0,train
6710,3,train
27797,0,train
22445,1,train
23473,4,train
20992,1,train
20408,4,train
3062,1,train
8389,2,train
22295,2,train
7614,0,train
23552,4,train
28910,1,train
14329,4,train
7969,3,train
19932,0,train
14253,3,train
11761,1,train
28153,3,train
24486,2,train
12946,2,train
16393,4,train
9165,0,train
21832,3,train
6809,3,train
8689,0,train
26141,1,train
9737,4,train
8505,4,train
28764,3,train
22382,4,train
9310,1,train
18454,3,train
21794,4,train
15917,4,train
2867,0,train
22959,0,train
12337,2,train
27571,4,train
8372,0,train
7206,0,train
25301,3,train
4227,4,train
19610,0,train
29903,0,train
5282,2,train
6161,2,train
13891,2,train
13081,3,train
11975,3,train
9387,1,train
11330,1,train
16724,1,train
19846,1,train
1554,0,train
27489,3,train
16388,3,train
5424,2,train
29757,4,train
6818,3,train
10088,4,train
5644,3,train
21337,0,train
18845,2,train
27445,0,train
8422,0,train
9952,4,train
16966,1,train
22828,0,train
22137,3,train
16155,3,train
6079,0,train
8588,3,train
5068,2,train
29418,0,train
13976,4,train
13182,0,train
22408,3,train
9267,3,train
6513,1,train
22543,3,train
1971,2,train
4115,4,train
4927,2,train
10635,2,train
11848,0,train
22596,3,train
28445,0,train
12967,3,train
5907,4,train
18172,3,train
12439,1,train
9250,1,train
4025,1,train
28712,2,train
27793,1,train
6532,4,train
1808,2,train
6391,3,train
8289,2,train
18732,3,train
776,1,train
10037,3,train
29361,0,train
14434,1,train
7797,1,train
6651,4,train
3663,2,train
11809,2,train
18101,1,train
20348,3,train
20883,1,train
7574,3,train
9542,3,train
26733,1,train
5324,0,train
10799,2,train
27878,3,train
11538,4,train
8986,4,train
21425,3,train
25830,3,train
7107,3,train
25300,1,train
19500,4,train
6392,4,val
7670,0,val
17531,1,val
12373,2,val
11922,2,val
14074,4,val
21830,0,val
15384,1,val
9441,2,val
25430,0,val
25163,4,val
27979,4,val
5023,1,val
757,4,val
21718,3,val
18080,1,val
627,1,val
25149,3,val
20002,2,val
21663,0,val
24205,1,val
9295,3,val
5544,2,val
15010,1,val
9520,4,val
12297,0,val
22105,4,val
21946,3,val
7333,4,val
9358,3,val
8365,2,val
1740,4,val
12210,3,val
6412,2,val
27158,1,val
9053,4,val
27750,3,val
15440,2,val
7717,0,val
8399,4,val
6021,2,val
26125,1,val
139,0,val
7845,2,val
20484,3,val
10779,3,val
3418,0,val
6189,1,val
22868,3,val
28085,4,val
19548,2,val
7619,0,val
24458,0,val
22788,0,val
21978,0,val
26594,3,val
21500,1,val
12286,0,val
23750,0,val
19705,1,val
27954,4,val
20887,2,val
6105,4,val
5070,0,val
6898,0,val
7129,0,val
20917,0,val
28012,4,val
27081,0,val
13185,4,val
13749,2,val
21039,4,val
12938,0,val
14303,2,val
28668,2,val
26663,3,val
25838,2,val
21735,4,val
2483,4,val
17172,1,val
8674,4,val
3299,1,val
9016,3,val
10966,2,val
7930,1,val
8020,1,val
4498,0,val
25950,4,val
2584,3,val
26712,0,val
20266,4,val
18283,3,val
13857,4,val
11640,3,val
13785,2,val
12100,3,val
22994,0,val
10478,2,val
8,0,val
26116,4,val
10061,4,val
13523,4,val
13321,0,val
4841,0,val
4817,3,val
18551,2,val
9245,4,val
28567,1,val
26688,0,val
28895,3,val
23453,3,val
19096,4,val
10799,2,val
25161,4,val
2983,3,val
7171,1,val
4344,3,val
23157,2,val
18088,2,val
22821,1,val
16699,1,val
20992,1,val
13653,2,val
24052,1,val
18090,0,val
18007,2,val
13400,0,val
13337,0,val
24412,2,val
20244,4,val
11623,2,val
19984,2,val
8022,3,val
27490,0,val
29078,3,val
8284,3,val
3771,0,val
13467,4,val
6616,2,val
23758,1,val
23153,4,val
1316,3,val
8906,3,val
6920,3,val
19028,2,val
6786,4,val
28634,4,val
12886,0,val
13613,4,val
6823,4,val
16119,3,val
15289,4,val
8581,4,val
6994,3,val
19705,1,val
26661,0,val
23694,0,val
5956,1,val
20586,2,val
17413,2,val
4671,3,val
12333,4,val
25987,3,val
10660,1,val
761,2,val
4915,1,val
11949,1,val
24470,1,val
5775,3,val
1661,1,val
16161,2,val
9772,2,val
8983,4,val
9312,0,val
22402,2,val
790,0,val
29966,2,val
4927,2,val
5191,2,val
13512,2,val
23801,2,val
19168,1,val
12518,3,val
15565,3,val
5972,4,val
6749,2,val
4044,3,val
15404,3,val
2414,3,val
26919,1,val
23214,3,val
1633,3,val
22320,1,val
16784,0,val
22552,1,val
3428,0,val
23089,3,val
15150,3,val
591,1,val
28600,4,val
13788,0,val
10407,2,val
15091,2,val
24649,0,val
4176,4,val
19896,0,val
26201,2,val
14454,2,val
22260,0,val
21903,3,val
29594,4,val
8740,3,val
15660,2,val
13184,3,val
14190,4,val
4040,3,val
12179,0,val
2891,4,val
22657,0,val
4639,1,val
7659,1,val
19846,1,val
3306,4,val
27601,3,val
9090,3,val
5030,2,val
2199,0,val
13213,1,val
22521,0,val
10498,0,val
21750,4,val
6592,3,val
28246,1,val
28142,4,val
10699,4,val
861,0,val
16852,1,val
18664,1,val
1403,0,val
1473,2,val
21025,2,val
13775,0,val
21353,3,val
14992,2,val
2783,3,val
12750,0,val
23987,0,val
24307,1,val
15111,2,val
25097,2,val
18367,2,val
23782,0,val
8043,3,val
26278,3,val
915,0,val
1982,1,val
26900,2,val
26269,3,val
11856,2,val
24769,2,val
26578,2,val
19712,2,val
9712,0,val
5780,2,val
17037,2,val
22722,4,val
1398,3,val
6519,0,val
12456,1,val
23884,3,val
13350,3,val
9517,0,val
24897,1,val
5639,3,val
1578,1,val
2313,0,val
15068,2,val
17070,4,val
16632,2,val
24946,3,val
27993,3,val
6114,3,val
11622,3,val
28985,2,val
101,2,val
7435,2,val
26884,1,val
29957,4,val
21404,4,val
28737,4,val
5385,4,val
7380,3,val
24472,1,val
21308,0,val
9684,2,val
13187,0,val
3524,4,val
26484,0,val
19198,3,val
27243,0,val
7776,3,val
27396,0,val
2506,4,val
21938,0,val
16001,3,val
4795,4,val
22784,2,val
14066,2,val
25812,4,val
14114,4,val
26425,2,val
18780,3,val
17717,3,val
21703,3,val
13464,0,val
10102,3,val
29662,1,val
12536,4,val
4745,0,val
26345,1,val
22205,4,val
23566,4,val
18812,3,val
14908,2,val
3564,3,val
2082,1,val
4611,2,val
24089,0,val
1550,2,val
19913,3,val
24735,0,val
17577,0,val
26164,0,val
19757,2,val
10126,4,val
12219,1,val
16080,2,val
27391,1,val
4002,3,val
351,0,val
13360,1,val
27962,0,val
17738,3,val
435,3,val
11219,2,val
15215,1,val
16318,0,val
12009,4,val
26533,4,val
4462,3,val
18616,3,val
12464,4,val
1890,0,val
10736,1,val
18276,0,val
23245,2,val
13024,3,val
1370,3,val
26988,2,val
26922,0,val
5791,2,val
2141,3,val
12327,0,val
3447,4,val
23335,0,val
10942,0,val
10395,2,val
18248,2,val
26827,2,val
14133,3,val
9789,0,val
24672,1,val
22006,2,val
14168,3,val
22808,4,val
24250,1,val
20545,3,val
8713,1,val
25102,4,val
7879,0,val
17227,3,val
4875,4,val
15468,3,val
25970,1,val
426,3,val
3328,4,val
26626,3,val
8530,2,val
23834,2,val
21650,4,val
23719,2,val
14321,1,val
7809,2,val
4798,3,val
6756,1,val
17032,0,val
22706,2,val
683,1,val
5039,1,val
28425,4,val
27150,0,val
22700,0,val
96,3,val
9087,3,val
22426,2,val
17563,0,val
5536,3,val
25150,1,val
13166,0,val
28147,2,val
14884,1,val
2328,2,val
27137,4,val
12028,0,val
28528,4,val
9463,3,val
26078,2,val
14699,4,val
2978,4,val
7585,2,val
13102,2,val
7965,0,val
29509,2,val
18110,4,val
14845,3,val
3532,4,val
27604,4,val
10235,4,val
17273,0,val
7887,4,val
26263,2,val
8049,0,val
14022,1,val
21848,1,val
10978,3,val
5143,0,val
16072,2,val
14852,0,val
23687,3,val
8624,0,val
4947,2,val
3392,0,val
24974,1,val
3084,1,val
25846,0,val
938,3,val
10307,3,val
1673,4,val
21134,1,val
28195,1,val
16910,2,val
15289,4,val
1384,3,val
27934,1,val
25933,2,val
6661,2,val
15328,4,val
16592,3,val
17330,0,val
9069,0,val
203,4,val
852,4,val
95,4,val
76,1,val
11421,0,val
16397,0,val
4224,4,val
16644,0,val
25104,4,val
1215,2,val
23604,0,val
17095,2,val
13947,0,val
16027,0,val
28209,1,val
11603,1,val
3459,4,val
3933,3,val
26222,1,val
27379,0,val
1993,3,val
9282,1,val
11026,0,val
19289,3,val
16114,2,val
27158,1,val
25294,3,val
12889,4,val
28114,3,val
9716,0,val
514,2,val
9713,2,val
1192,2,val
9075,3,val
15502,4,val
16773,0,val
17841,2,val
27739,1,val
27771,0,val
2584,3,val
20791,3,val
19539,1,val
6143,4,val
4252,3,val
18817,2,val
10952,2,val
341,2,val
22846,3,val
26890,4,val
23286,2,val
26437,2,val
21733,1,val
6235,3,val
372,2,val
26695,1,val
28741,1,val
12354,1,val
16985,4,val
25406,0,val
16458,3,val
23330,0,val
18441,2,val
20169,4,val
12494,4,val
11877,0,val
21208,4,val
28096,4,val
11038,1,val
16646,0,val
15805,3,val
10778,4,val
29891,2,val
4110,3,val
24671,4,val
29029,2,val
5976,0,val
17770,4,val
2141,3,val
21997,2,val
24400,1,val
15669,0,val
13235,3,val
25901,4,val
28537,0,val
11925,0,val
29992,4,val
4653,0,val
1547,1,val
858,0,val
8724,0,val
2379,3,val
9722,3,val
28149,0,val
7962,3,val
25209,3,val
16974,2,val
25380,3,val
27206,2,val
14498,3,val
15503,4,val
14323,2,val
25158,3,val
17861,1,val
6232,3,val
29050,4,val
8754,3,val
14441,3,val
4136,4,val
7200,1,val
19218,2,val
2294,0,val
19336,3,val
15945,4,val
24610,2,val
7489,0,val
27642,2,val
15808,1,val
28298,4,val
4619,0,val
3847,1,val
9678,4,val
11354,2,val
26957,0,val
24538,1,val
14736,3,val
28041,4,val
6602,3,val
9516,1,val
25546,4,val
1225,3,val
21637,0,val
22988,2,val
4303,1,val
26667,0,val
5099,4,val
18192,2,val
13135,1,val
8500,3,val
20625,0,val
10679,4,val
205,2,val
27282,4,val
21018,0,val
2469,4,val
10262,3,val
18918,0,val
18705,2,val
3950,3,val
7776,3,val
29737,4,val
23172,3,val
20574,1,val
17060,2,val
15699,3,val
9743,0,val
26503,0,val
27783,2,val
1858,2,val
11725,2,val
5023,1,val
23654,0,val
8576,4,val
23457,0,val
6721,2,val
26735,0,val
5161,0,val
7346,4,val
13854,4,val
17344,2,val
22761,1,val
22587,3,val
28118,1,val
9399,3,val
27260,3,val
27823,2,val
9981,2,val
18767,4,val
16016,3,val
27692,0,val
14175,2,val
4285,4,val
623,2,val
991,1,val
2459,0,test
285,1,test
3617,3,test
3568,3,test
1368,4,test
1188,4,test
792,1,test
177,1,test
3434,0,test
1461,3,test
1164,2,test
2423,3,test
1598,1,test
327,0,test
1529,2,test
2185,3,test
2863,0,test
2341,3,test
1612,3,test
1865,4,test
3756,0,test
158,4,test
4660,4,test
1897,0,test
2182,3,test
2735,4,test
3820,3,test
1056,2,test
2731,3,test
2191,2,test
3269,4,test
4605,3,test
4800,1,test
4225,3,test
4682,4,test
1215,4,test
4289,2,test
1289,2,test
2981,3,test
2338,2,test
506,2,test
194,1,test
4021,0,test
2462,2,test
2756,2,test
1505,0,test
1877,1,test
1355,0,test
3685,4,test
4354,2,test
4216,0,test
542,3,test
4727,0,test
2901,1,test
931,2,test
4376,0,test
3860,2,test
4938,4,test
3291,1,test
593,4,test
2333,3,test
1784,0,test
1615,3,test
4462,4,test
3243,3,test
2976,2,test
4221,1,test
2597,1,test
2255,3,test
1352,1,test
2228,3,test
4354,2,test
979,1,test
426,3,test
1243,4,test
4728,3,test
742,1,test
538,2,test
1963,4,test
3887,1,test
4927,4,test
4873,2,test
4634,3,test
244,1,test
4930,2,test
369,0,test
4126,1,test
2653,3,test
1659,2,test
1688,0,test
2057,0,test
2467,2,test
4615,3,test
2629,1,test
1535,4,test
2907,0,test
204,0,test
602,2,test
4460,1,test
871,4,test
2702,0,test
397,0,test
1859,3,test
3584,3,test
3870,4,test
2740,0,test
2575,3,test
431,2,test
365,2,test
3280,4,test
698,0,test
2172,2,test
4252,0,test
3489,1,test
1025,0,test
3906,2,test
4727,0,test
2471,2,test
3322,3,test
4218,3,test
1642,1,test
1104,3,test
3417,3,test
4082,4,test
708,0,test
119,1,test
117,0,test
322,1,test
1609,3,test
3006,4,test
1287,4,test
1308,1,test
69,2,test
2049,2,test
4030,2,test
220,0,test
758,0,test
55,2,test
502,4,test
115,2,test
3192,1,test
3002,0,test
3458,3,test
4491,4,test
3538,2,test
4790,1,test
3535,2,test
1605,2,test
3475,4,test
3476,3,test
3793,4,test
3051,0,test
4255,4,test
3319,3,test
2093,1,test
110,3,test
4607,0,test
4560,0,test
2187,3,test
585,2,test
2694,0,test
3752,4,test
3040,2,test
946,1,test
3081,1,test
1951,3,test
2528,4,test
1980,3,test
2855,3,test
265,2,test
420,2,test
573,1,test
4950,4,test
2542,2,test
2986,4,test
2010,2,test
1238,4,test
4713,2,test
4595,3,test
4180,1,test
3892,2,test
1036,1,test
3920,0,test
4143,0,test
3767,1,test
1317,1,test
3196,0,test
2143,0,test
3774,3,test
586,1,test
2707,3,test
1562,2,test
2104,4,test
3442,3,test
2456,2,test
1664,4,test
372,4,test
2414,3,test
2912,4,test
3884,4,test
3000,3,test
3686,3,test
563,4,test
1645,4,test
1141,2,test
4536,0,test
803,0,test
3945,3,test
4008,3,test
3721,2,test
3848,3,test
3628,3,test
3373,0,test
2861,0,test
3032,0,test
3709,3,test
4877,0,test
3411,2,test
1361,0,test
1505,0,test
2731,3,test
4396,1,test
4169,1,test
4091,0,test
1116,3,test
3337,4,test
2421,2,test
1477,4,test
98,3,test
4920,4,test
4216,0,test
1983,3,test
4086,2,test
3659,2,test
3077,2,test
4425,1,test
2492,4,test
2114,4,test
1511,1,test
3467,0,test
4988,4,test
4878,2,test
932,3,test
1654,2,test
1657,0,test
1873,4,test
578,4,test
1221,1,test
2802,3,test
4812,4,test
580,3,test
779,3,test
2637,4,test
1515,1,test
2076,2,test
3669,0,test
4934,3,test
824,4,test
1593,4,test
1315,0,test
1957,0,test
2587,0,test
1249,2,test
1430,1,test
2636,0,test
2700,0,test
2784,4,test
907,2,test
985,1,test
4880,2,test
4172,4,test
3242,4,test
3934,3,test
2990,3,test
834,2,test
2811,0,test
443,4,test
3422,4,test
4979,2,test
1345,0,test
4351,0,test
3732,4,test
2305,2,test
1789,1,test
2011,1,test
933,4,test
1,1,test
2108,2,test
4712,1,test
199,3,test
3705,3,test
4567,3,test
3954,3,test
224,1,test
1685,2,test
1484,2,test
3606,3,test
2891,2,test
207,2,test
2854,1,test
488,2,test
2723,4,test
648,2,test
1957,0,test
2976,2,test
834,2,test
4188,1,test
1441,3,test
3456,2,test
652,2,test
156,3,test
3074,4,test
1841,4,test
2564,4,test
3219,3,test
4600,2,test
385,3,test
1586,3,test
4735,3,test
779,3,test
2261,0,test
688,4,test
181,3,test
1932,1,test
2495,3,test
628,0,test
4440,1,test
3506,1,test
981,0,test
2112,3,test
865,4,test
4781,1,test
4170,1,test
2536,3,test
2481,3,test
2952,1,test
3668,0,test
4645,3,test
3605,3,test
2283,4,test
60,0,test
605,4,test
358,1,test
4559,2,test
219,0,test
68,1,test
3514,1,test
1062,0,test
3659,2,test
4676,0,test
4630,0,test
1083,2,test
1880,4,test
35,3,test
672,0,test
3115,3,test
3997,4,test
523,2,test
146,1,test
533,0,test
3800,1,test
2659,0,test
1412,4,test
981,0,test
1897,0,test
2776,4,test
3610,3,test
594,4,test
4770,0,test
4916,1,test
4752,2,test
4065,0,test
3143,3,test
4202,1,test
1606,1,test
1416,0,test
1970,1,test
506,2,test
4772,4,test
4767,1,test
2704,4,test
3832,1,test
2716,4,test
3119,3,test
1231,0,test
4645,3,test
3762,4,test
4337,0,test
2471,2,test
830,2,test
1004,1,test
3809,3,test
4873,2,test
4609,0,test
496,3,test
3699,4,test
661,4,test
1018,0,test
4952,4,test
33,1,test
603,3,test
855,0,test
3887,1,test
4054,0,test
1538,1,test
1960,1,test
1894,3,test
330,0,test
2745,1,test
920,3,test
1916,0,test
896,2,test
4951,1,test
2224,4,test
3581,0,test
54,3,test
4847,0,test
2430,2,test
3852,3,test
2980,1,test
160,3,test
2364,0,test
2251,0,test
1190,4,test
3561,3,test
4305,1,test
3909,1,test
1755,2,test
2649,4,test
2391,4,test
4594,4,test
4910,0,test
841,3,test
3356,3,test
4370,4,test
2409,3,test
4199,2,test
134,2,test
4261,4,test
2527,0,test
1411,1,test
424,1,test
470,3,test
4635,1,test
3733,0,test
4040,2,test
4287,2,test
2898,0,test
2273,3,test
3706,3,test
2684,0,test
1627,2,test
2189,1,test
4938,4,test
3140,4,test
368,0,test
3817,2,test
1139,3,test
4773,1,test
1593,4,test
1128,2,test
1245,3,test
4380,0,test
2519,2,test
2662,3,test
3949,4,test
328,3,test
4675,2,test
378,3,test
379,3,test
1885,4,test
2907,0,test
3854,3,test
2043,0,test
206,4,test
2551,1,test
4114,3,test
2719,1,test
2975,0,test
226,2,test
4981,3,test
3502,1,test
2035,2,test
2826,4,test
4744,1,test
2789,2,test
169,4,test
3481,4,test
3974,0,test
258,3,test
4282,2,test
1129,4,test
3340,2,test
2842,3,test
3574,1,test
587,1,test
3064,2,test
1311,0,test
4138,3,test
629,0,test
4420,4,test
1648,2,test
1962,1,test
1145,3,test
3806,3,test
2332,4,test
2084,2,test
3316,0,test
1670,0,test
3207,2,test
1934,3,test
4071,0,test
2623,3,test
3366,2,test
165,1,test
4912,1,test
2603,3,test
1095,1,test
3454,3,test
2730,3,test
3389,0,test
180,2,test
3517,2,test
3563,1,test
542,3,test
3977,4,test
178,3,test
3430,0,test
2104,4,test
2183,1,test
4942,2,test
3124,0,test
1530,2,test
2407,3,test
4639,0,test
4593,3,test
2638,2,test
1818,2,test
2558,4,test
3423,0,test
1268,3,test
3231,2,test
3786,1,test
1057,2,test
4955,3,test
1788,2,test
1070,4,test
1013,0,test
333,2,test
1504,2,test
1448,3,test
1952,2,test
3810,4,test
2686,0,test
2151,2,test
2668,4,test
4361,1,test
1929,2,test
3592,0,test
4285,4,test
1471,0,test
1475,0,test
1878,2,test
1557,2,test
3845,3,test
1897,0,test
1670,0,test
58,0,test
3452,3,test
370,2,test
1690,1,test
804,1,test
2229,1,test
420,2,test
374,3,test
258,3,test
4692,4,test
643,4,test
353,0,test
335,2,test
2119,1,test
1580,1,test
4246,4,test
1873,4,test
4851,4,test
864,0,test
3182,2,test
4858,0,test
2954,1,test
2990,3,test
4293,1,test
1894,3,test
1150,0,test
402,1,test
4713,2,test
3762,4,test
2941,0,test
4247,2,test
4889,2,test
3235,3,test
2145,2,test
324,1,test
4801,2,test
2303,1,test
4772,4,test
923,3,test
4542,4,test
1941,1,test
890,0,test
1758,2,test
4127,0,test
3562,1,test
2213,3,test
2715,0,test
1183,3,test
1895,0,test
3580,1,test
2112,3,test
2573,0,test
390,0,test
2801,2,test
1800,0,test
355,0,test
3748,4,test
883,3,test
2533,3,test
2758,2,test
3875,1,test
1022,1,test
669,2,test
4252,0,test
3705,3,test
1679,2,test
1881,3,test
1898,3,test
3505,0,test
1231,0,test
235,4,test
4521,1,test
2360,3,test
4886,3,test
2732,1,test
2110,4,test
